Site, Status
"Audio-Video Production", Beta
"Statistical Analysis", Graduated
"Astronomy", Closed
"Web Applications", Graduated
"Quantitative Finance", Beta
"Apple", Graduated
"Firearms", Closed
"Home Improvement", Graduated
"Electronic Gadgets", Closed
"Pro Webmasters", Graduated
"Photography and Photographic Editing", Graduated
"English Language & Usage", Graduated
"Food and Cooking", Graduated
"Motor Vehicle Maintenance and Repair", Beta
"Gaming", Graduated
"Gardening and Landscaping", Beta
"Geographic Information Systems", Graduated
"WordPress Development", Graduated
"Economics", Closed
"Homebrewing (Beer, Wine, etc.)", Beta
"Writers", Beta
"Signal Processing", Beta
"Personal Finance and Money", Graduated
"Biblical Hermeneutics", Beta
"Physics", Graduated
"Graphic Design", Graduated
"TeX, LaTeX and friends", Graduated
"Cognitive Sciences", Beta
"Role-playing Games", Graduated
"Software Quality Assurance & Testing", Beta
"Bicycles", Graduated
"Philosophy", Beta
"Electrical Engineering", Graduated
"Atheism", Closed
"Game Development", Graduated
"Drupal Answers", Graduated
"Sexuality", Closed
"Not Programming Related", Graduated
"Mathematics", Graduated
"Poker", Beta
"The Great Outdoors", Beta
"Movies & TV", Beta
"Unix & Linux", Graduated
"Musical Practice and Performance", Beta
"Database Administrators", Graduated
"Personal Productivity", Beta
"Science Fiction & Fantasy", Graduated
"Martial Arts", Beta
"Code Golf & Programming Puzzles", Beta
"Parenting", Beta
"Chemistry", Beta
"3D Graphics", Closed
"History", Beta
"Board and Card Games", Beta
"User Experience", Graduated
"Startup Business", Closed
"Guitars", Closed
"Chinese Language", Beta
"Literature", Closed
"Healthcare IT", Closed
"Travel", Graduated
"Artificial Intelligence", Closed
"Linguistics", Beta
"Physical Fitness", Beta
"Japanese Language", Beta
"Chess", Beta
"Ubuntu", Graduated
"IT Security", Graduated
"Theoretical Computer Science", Graduated
"Russian Language", Beta
"LEGO", Beta
"Project Management", Beta
"Code Review", Beta
"Freelance Workers", Closed
"Christianity", Graduated
"Game of Go", Closed
"Libraries & Information Science", Closed
"Biology", Beta
"Skeptics", Graduated
"Spanish Language", Beta
"Islam", Beta
"How Things Work", Closed
"Magento", Beta
"Cryptography", Beta
"Academia", Graduated
"Android Enthusiasts", Graduated
"German Language", Beta
"Windows Phone", Beta
"Personal Manufacturing", Closed
"Mi Yodeya", Graduated
"Stack Overflow (in Portuguese)", Beta
"Theoretical Physics", Closed
"SmugMug", Closed
"Politics", Beta
"Machine Learning", Closed
"Sports", Beta
"Computational Science", Beta
"SharePoint", Graduated
"French Language", Beta
"Bitcoin", Beta
"The Workplace", Graduated
"Anime & Manga", Beta
"Sustainable Living", Beta
"Computer Science", Beta
"Earth Science", Beta
"Raspberry Pi", Beta
"Freelancing", Beta
"Mathematica", Graduated
"Salesforce", Beta
"Tridion", Beta
"Expatriates", Beta
"Digital Preservation", Closed
"Robotics", Beta
"Blender", Beta
"Big Data", Closed
"Astronomy", Beta
"English Language Learners", Beta
"Machine Learning", Closed
"Digital Fabrication", Closed
"Aviation", Beta
"Italian Language", Beta
"Amateur Radio", Beta
"Network Engineering", Beta
"Space Exploration", Beta
"Genealogy & Family History", Beta
"Gamification", Closed
"Relationships and Dating", Closed
"Pets", Beta
"Puzzling", Beta
"ExpressionEngine", Beta
"Ebooks", Beta
"Beer", Beta
"Arduino", Closed
"Reverse Engineering", Beta
"Mental Fitness", Closed
"Open Data", Beta
"Arduino", Beta
"Software Recommendations", Beta
"Tor", Beta
"Mathematics Educators", Beta
"Joomla", Beta
"Data Science", Beta
"Artificial Intelligence", Closed
